token,true_tag,pred_tag,is_correct
",",O,I-PRODUCT,False
😋,O,I-PROMOTION,False
😋,O,I-PROMOTION,False
😋,O,I-PROMOTION,False
😋,O,I-PROMOTION,False
😋,O,I-PROMOTION,False
",",I-PRODUCT,O,False
selain,B-PRODUCT,I-PLACE,False
itu,I-PRODUCT,I-PLACE,False
banyak,I-PRODUCT,I-PLACE,False
",",I-PRODUCT,O,False
pelayanan,B-PROMOTION,O,False
sangat,I-PROMOTION,O,False
baik,I-PROMOTION,O,False
kesini,I-PRODUCT,O,False
dan,I-PRODUCT,O,False
dapat,I-PRODUCT,O,False
rekomen,I-PRODUCT,O,False
dari,I-PRODUCT,O,False
teman,I-PRODUCT,O,False
juga,I-PRODUCT,O,False
mantabb,I-PRODUCT,O,False
Oke,B-PRODUCT,I-PRODUCT,False
",",I-PRODUCT,O,False
.,I-PRODUCT,O,False
Suasananya,B-PLACE,I-PLACE,False
oke,I-PLACE,I-PRODUCT,False
ngga,I-PLACE,I-PRODUCT,False
tempat,B-PLACE,I-PLACE,False
service,B-PROMOTION,O,False
cepat,I-PROMOTION,O,False
",",I-PROMOTION,O,False
menu,B-PRODUCT,O,False
pedes,B-PRODUCT,I-PRODUCT,False
.,O,I-PRODUCT,False
hanya,B-PRODUCT,O,False
dan,I-PRODUCT,O,False
.,B-PRODUCT,I-PRODUCT,False
sejam,O,I-PROMOTION,False
Bukan,O,I-PROMOTION,False
masalah,O,I-PROMOTION,False
estimasi,O,I-PROMOTION,False
juga,O,I-PROMOTION,False
tapi,O,I-PROMOTION,False
keduluan,O,I-PROMOTION,False
nyampe,O,I-PROMOTION,False
ngomongnya,O,I-PROMOTION,False
Tcih,O,I-PROMOTION,False
Salah,O,I-PRODUCT,False
satu,O,I-PRODUCT,False
resto,O,I-PRODUCT,False
bakso,O,I-PRODUCT,False
yang,O,I-PRODUCT,False
terkenal,O,I-PRODUCT,False
di,O,I-PRODUCT,False
Yogyakarta,O,I-PRODUCT,False
Banyak,O,I-PRODUCT,False
pilihan,O,I-PRODUCT,False
menu,O,I-PRODUCT,False
makanan,O,I-PRODUCT,False
",",O,I-PRODUCT,False
berbagai,O,I-PRODUCT,False
macam,O,I-PRODUCT,False
menu,O,I-PRODUCT,False
bakso,O,I-PRODUCT,False
dan,O,I-PRODUCT,False
mie,O,I-PRODUCT,False
ayam,O,I-PRODUCT,False
.,O,I-PRODUCT,False
Pengunjung,O,I-PRODUCT,False
datang,O,I-PRODUCT,False
langsung,O,I-PRODUCT,False
ambil,O,I-PRODUCT,False
buku,O,I-PRODUCT,False
menu,O,I-PRODUCT,False
+,O,I-PRODUCT,False
kertas,O,I-PRODUCT,False
pilihan,O,I-PRODUCT,False
menu,O,I-PRODUCT,False
",",O,I-PRODUCT,False
kemudian,O,I-PRODUCT,False
cari,O,I-PRODUCT,False
saya,O,I-PRODUCT,False
pilih,O,I-PRODUCT,False
bakso,O,I-PRODUCT,False
tenis,O,I-PRODUCT,False
jumbo,O,I-PRODUCT,False
terdiri,O,I-PRODUCT,False
dari,O,I-PRODUCT,False
1,O,I-PRODUCT,False
buah,O,I-PRODUCT,False
bakso,O,I-PRODUCT,False
tenis,O,I-PRODUCT,False
besar,O,I-PRODUCT,False
dan,O,I-PRODUCT,False
toping,O,I-PRODUCT,False
tempat,O,I-PLACE,False
makan,O,I-PLACE,False
yang,O,I-PRODUCT,False
sangat,O,I-PRODUCT,False
enak,O,I-PRODUCT,False
rekomem,O,I-PRODUCT,False
",",O,I-PRODUCT,False
banyak,B-PRODUCT,I-PRODUCT,False
",",O,I-PRODUCT,False
harganya,B-PRICE,B-PLACE,False
juga,I-PRICE,O,False
lokasi,B-PLACE,O,False
dengan,I-PLACE,O,False
kawasan,I-PLACE,O,False
UNY,I-PLACE,O,False
tempat,B-PLACE,I-PLACE,False
dan,O,I-PRODUCT,False
dan,O,I-PRODUCT,False
cocok,B-PRODUCT,I-PRODUCT,False
Makanan,B-PRODUCT,I-PRODUCT,False
pelayanan,B-PROMOTION,O,False
oke,I-PROMOTION,O,False
",",O,I-PRODUCT,False
Rekomen,B-PROMOTION,I-PLACE,False
deh,I-PROMOTION,I-PLACE,False
kesini,I-PROMOTION,I-PLACE,False
.,I-PRODUCT,O,False
makanannya,B-PRODUCT,O,False
UNK,B-PLACE,I-PLACE,False
Pelayanan,B-PROMOTION,O,False
ok,I-PROMOTION,O,False
Rasa,B-PRODUCT,I-PRODUCT,False
..,O,I-PRODUCT,False
Klo,O,I-PRODUCT,False
mau,O,I-PRODUCT,False
beli,O,I-PRODUCT,False
juga,O,I-PRODUCT,False
ok,O,I-PRODUCT,False
suka,O,I-PRODUCT,False
UNK,B-PRODUCT,I-PRODUCT,False
..,O,I-PRODUCT,False
ada,B-PLACE,O,False
juga,I-PLACE,I-PRODUCT,False
.,I-PRODUCT,O,False
Cobain,I-PRODUCT,O,False
deh,I-PRODUCT,O,False
...,B-PRODUCT,O,False
krn,I-PRODUCT,O,False
menurut,I-PRODUCT,O,False
gw,I-PRODUCT,O,False
nih,I-PRODUCT,O,False
kasih,I-PRODUCT,O,False
👍,I-PRODUCT,O,False
.,O,I-PLACE,False
UNK,I-PRODUCT,B-PRODUCT,False
UNK,O,I-PRODUCT,False
makan,O,I-PRODUCT,False
bikin,O,I-PRODUCT,False
eneg,O,I-PRODUCT,False
",",O,I-PRODUCT,False
kuah,B-PRODUCT,I-PRODUCT,False
",",O,I-PRODUCT,False
banyak,B-PRODUCT,I-PRODUCT,False
pelayanan,B-PROMOTION,O,False
cepat,I-PROMOTION,O,False
cuma,O,I-PRODUCT,False
menurutku,O,I-PRODUCT,False
kuahnya,B-PRODUCT,I-PRODUCT,False
",",O,I-PRODUCT,False
tapi,O,I-PRODUCT,False
dari,O,I-PRODUCT,False
rasa,B-PRODUCT,I-PRODUCT,False
",",I-PRODUCT,O,False
pelayanannya,B-PROMOTION,O,False
juga,I-PROMOTION,O,False
memuaskan,I-PROMOTION,O,False
.,I-PROMOTION,O,False
Pesan,B-PROMOTION,O,False
5,I-PROMOTION,O,False
menit,I-PROMOTION,O,False
langsung,I-PROMOTION,O,False
ready,I-PROMOTION,O,False
.,I-PROMOTION,O,False
Recomended,B-PROMOTION,I-PROMOTION,False
servisnya,B-PROMOTION,O,False
oke,I-PROMOTION,O,False
banget,I-PROMOTION,O,False
baru,B-PROMOTION,O,False
dateng,I-PROMOTION,O,False
",",I-PROMOTION,O,False
mba,I-PROMOTION,O,False
pelayannya,I-PROMOTION,O,False
ramah,I-PROMOTION,O,False
dan,I-PROMOTION,O,False
langsung,I-PROMOTION,O,False
sigap,I-PROMOTION,O,False
cariin,I-PROMOTION,O,False
tempat,I-PROMOTION,O,False
duduk,I-PROMOTION,O,False
Rekomen,B-PRODUCT,O,False
",",I-PRODUCT,O,False
bakso,I-PRODUCT,B-PRODUCT,False
dan,O,I-PRODUCT,False
dan,B-PRODUCT,I-PRODUCT,False
",",I-PRODUCT,O,False
Recomended,O,I-PROMOTION,False
parah,O,I-PROMOTION,False
ga,B-PRODUCT,I-PRODUCT,False
",",O,I-PRODUCT,False
dan,O,I-PLACE,False
harga,B-PRICE,I-PLACE,False
cukup,I-PRICE,I-PLACE,False
OK,I-PRICE,I-PLACE,False
.,I-PRICE,O,False
Saya,I-PRICE,O,False
bakso,B-PRODUCT,I-PRODUCT,False
✅,B-PLACE,O,False
Cari,I-PLACE,B-PLACE,False
Layanan,O,I-PLACE,False
pegawai,O,I-PLACE,False
cekatan,O,I-PLACE,False
bakso,I-PRODUCT,B-PRODUCT,False
✅,I-PRODUCT,O,False
✅,I-PRODUCT,O,False
Sambal,I-PRODUCT,O,False
uleknya,I-PRODUCT,O,False
nyossss,I-PRODUCT,O,False
 ,I-PRODUCT,O,False
Saya,I-PRODUCT,O,False
coba,I-PRODUCT,O,False
bakso,I-PRODUCT,O,False
urat,I-PRODUCT,O,False
",",I-PRODUCT,O,False
mercon,I-PRODUCT,O,False
dan,I-PRODUCT,O,False
sumsum,I-PRODUCT,O,False
:,I-PRODUCT,O,False
☑,B-PRICE,O,False
️Harga,I-PRICE,O,False
standar,I-PRICE,O,False
kota,I-PRICE,O,False
besar,I-PRICE,O,False
☑,B-PRODUCT,O,False
️Rasa,I-PRODUCT,B-PRODUCT,False
",",I-PRODUCT,O,False
kurang,I-PRODUCT,O,False
☑,B-PRODUCT,O,False
Tiap,B-PROMOTION,O,False
ke,I-PROMOTION,O,False
jogja,I-PROMOTION,O,False
wajib,I-PROMOTION,O,False
kesini,I-PROMOTION,O,False
kalau,I-PRODUCT,O,False
kesini,I-PRODUCT,O,False
Mi,B-PRODUCT,I-PRODUCT,False
",",O,I-PRODUCT,False
rasanya,B-PRODUCT,I-PRODUCT,False
Bakso,B-PRODUCT,I-PRODUCT,False
bgt,I-PRODUCT,B-PRODUCT,False
",",O,I-PRODUCT,False
paling,B-PRODUCT,I-PRODUCT,False
parkir,B-PLACE,I-PLACE,False
😄,O,I-PLACE,False
UNK,O,B-PRODUCT,False
Rasanya,O,B-PRODUCT,False
enak,O,I-PRODUCT,False
sekali,O,I-PRODUCT,False
",",O,I-PRODUCT,False
sesuai,O,I-PRODUCT,False
ekspektasi,O,I-PRODUCT,False
.,O,I-PRODUCT,False
rasa,B-PRODUCT,I-PRODUCT,False
Hanya,B-PRODUCT,I-PRODUCT,False
Terima,O,I-PRODUCT,False
",",O,I-PRODUCT,False
baksonya,B-PRODUCT,I-PRODUCT,False
....,O,I-PRODUCT,False
Tempat,B-PLACE,I-PLACE,False
enak,I-PLACE,I-PRODUCT,False
",",O,I-PLACE,False
bakso,B-PRODUCT,I-PRODUCT,False
Bakso,I-PRODUCT,B-PRODUCT,False
",",B-PLACE,I-PLACE,False
.,O,I-PRODUCT,False
Tempat,B-PLACE,I-PLACE,False
maupun,I-PLACE,I-PRODUCT,False
.,I-PLACE,O,False
ini,B-PRODUCT,I-PRODUCT,False
",",I-PRODUCT,O,False
belum,I-PRODUCT,O,False
harus,I-PRODUCT,O,False
.,I-PRODUCT,O,False
UNK,I-PRODUCT,O,False
",",I-PRODUCT,O,False
",",I-PRODUCT,O,False
juga,O,I-PRODUCT,False
oke,O,I-PRODUCT,False
banget,O,I-PRODUCT,False
nyobain,B-PROMOTION,O,False
Bakso,I-PROMOTION,O,False
Pa'jero,I-PROMOTION,O,False
yg,I-PROMOTION,O,False
fyp,I-PROMOTION,O,False
..,I-PROMOTION,O,False
1,O,I-PRODUCT,False
",",O,I-PRODUCT,False
cuma,B-PRODUCT,I-PRODUCT,False
.,O,I-PRODUCT,False
Tapi,B-PRODUCT,I-PRODUCT,False
pooollll,I-PRODUCT,O,False
..,I-PRODUCT,O,False
setiap,B-PRODUCT,O,False
ada,I-PRODUCT,O,False
kerabat,I-PRODUCT,O,False
dteng,I-PRODUCT,O,False
ke,I-PRODUCT,O,False
jogja,I-PRODUCT,O,False
pasti,I-PRODUCT,O,False
jdi,I-PRODUCT,O,False
salah,I-PRODUCT,O,False
satu,I-PRODUCT,O,False
t4,I-PRODUCT,O,False
makan,I-PRODUCT,O,False
yg,I-PRODUCT,O,False
harus,I-PRODUCT,O,False
dikunjungi,I-PRODUCT,O,False
customer,O,I-PROMOTION,False
lain,O,I-PROMOTION,False
juga,O,I-PROMOTION,False
diperhatikan,O,I-PROMOTION,False
sedikit,B-PRODUCT,I-PRODUCT,False
.,O,I-PRODUCT,False
",",O,I-PLACE,False
waktu,B-PROMOTION,I-PLACE,False
tunggunya,I-PROMOTION,O,False
sekitar,I-PROMOTION,O,False
10,I-PROMOTION,O,False
-,I-PROMOTION,O,False
15,I-PROMOTION,O,False
menit,I-PROMOTION,O,False
di,I-PROMOTION,O,False
peak,I-PROMOTION,O,False
hour,I-PROMOTION,O,False
Pesan,O,B-PRODUCT,False
bakso,O,B-PRODUCT,False
kuah,O,I-PRODUCT,False
sama,O,I-PRODUCT,False
bakso,O,I-PRODUCT,False
bakar,O,I-PRODUCT,False
UNK,O,I-PRODUCT,False
terlalu,O,I-PRODUCT,False
jg,O,I-PRODUCT,False
ga,O,I-PRODUCT,False
panas,O,I-PRODUCT,False
tuh,O,I-PRODUCT,False
bakso,O,I-PRODUCT,False
bakarnya,O,I-PRODUCT,False
gatau,O,I-PRODUCT,False
bakarnya,O,I-PRODUCT,False
pake,O,I-PRODUCT,False
UNK,O,I-PRODUCT,False
apaan,O,I-PRODUCT,False
bisa,O,I-PRODUCT,False
UNK,O,I-PRODUCT,False
itu,O,I-PRODUCT,False
enak,B-PRODUCT,I-PRODUCT,False
",",O,I-PLACE,False
tapi,O,I-PLACE,False
pelayanannya,B-PROMOTION,O,False
kurang,I-PROMOTION,O,False
menurut,I-PROMOTION,O,False
saya,I-PROMOTION,O,False
",",I-PROMOTION,O,False
karena,I-PROMOTION,O,False
saya,I-PROMOTION,O,False
pesan,I-PROMOTION,O,False
duluan,I-PROMOTION,O,False
",",I-PROMOTION,O,False
tp,I-PROMOTION,O,False
yang,I-PROMOTION,O,False
datang,I-PROMOTION,O,False
belakangan,I-PROMOTION,O,False
malah,I-PROMOTION,O,False
dilayaninya,I-PROMOTION,O,False
duluan,I-PROMOTION,O,False
",",O,I-PRODUCT,False
rasanya,B-PRODUCT,I-PRODUCT,False
hanya,O,I-PRODUCT,False
sop,B-PRODUCT,I-PRODUCT,False
",",O,I-PLACE,False
parkir,B-PLACE,I-PLACE,False
",",O,I-PLACE,False
ada,B-PLACE,I-PLACE,False
",",O,I-PLACE,False
pelayanan,B-PROMOTION,O,False
cepat,I-PROMOTION,O,False
dan,I-PROMOTION,O,False
baik,I-PROMOTION,O,False
",",I-PROMOTION,O,False
Iga,B-PRODUCT,I-PRODUCT,False
",",I-PRODUCT,O,False
empuk,B-PRODUCT,I-PRODUCT,False
Sayangnya,B-PRODUCT,O,False
paketnya,I-PRODUCT,O,False
habis,I-PRODUCT,O,False
semua,I-PRODUCT,O,False
padahal,I-PRODUCT,O,False
jam,I-PRODUCT,O,False
12,I-PRODUCT,O,False
pas,I-PRODUCT,O,False
saat,I-PRODUCT,O,False
makan,I-PRODUCT,O,False
siang,I-PRODUCT,O,False
.,I-PRODUCT,O,False
Untuk,B-PRODUCT,B-PRICE,False
harga,I-PRODUCT,I-PRICE,False
segitu,I-PRODUCT,I-PRICE,False
",",I-PRODUCT,O,False
dari,I-PRODUCT,B-PRODUCT,False
segi,I-PRODUCT,B-PRODUCT,False
baksonya,I-PRODUCT,B-PRODUCT,False
lebih,I-PRODUCT,O,False
wah,I-PRODUCT,I-PRICE,False
lagi,I-PRODUCT,O,False
.,I-PRODUCT,O,False
Jika,B-PROMOTION,I-PRICE,False
harga,I-PROMOTION,I-PRICE,False
segitu,I-PROMOTION,I-PRICE,False
dengan,I-PROMOTION,I-PRICE,False
rasa,I-PROMOTION,B-PRODUCT,False
standar,I-PROMOTION,I-PRICE,False
",",I-PROMOTION,O,False
harusnya,I-PROMOTION,I-PRICE,False
bisa,I-PROMOTION,I-PRICE,False
dilebihkan,I-PROMOTION,I-PRICE,False
di,I-PROMOTION,O,False
bagian,I-PROMOTION,I-PLACE,False
servicenya,I-PROMOTION,O,False
.,I-PROMOTION,O,False
Tadi,B-PROMOTION,O,False
saya,I-PROMOTION,O,False
order,I-PROMOTION,I-PLACE,False
hanya,I-PROMOTION,O,False
2,I-PROMOTION,O,False
bakso,I-PROMOTION,O,False
dan,I-PROMOTION,O,False
1,I-PROMOTION,O,False
side,I-PROMOTION,I-PLACE,False
dish,I-PROMOTION,I-PLACE,False
",",I-PROMOTION,O,False
tapi,I-PROMOTION,O,False
2,I-PROMOTION,O,False
-,I-PROMOTION,O,False
3,I-PROMOTION,O,False
customer,I-PROMOTION,O,False
yang,I-PROMOTION,O,False
isinya,I-PROMOTION,O,False
rombongan,I-PROMOTION,O,False
sebagong,I-PROMOTION,O,False
.,I-PROMOTION,O,False
Udah,B-PROMOTION,O,False
diprotes,I-PROMOTION,O,False
sekali,I-PROMOTION,O,False
",",I-PROMOTION,O,False
ditunggu,I-PROMOTION,O,False
10,I-PROMOTION,O,False
-,I-PROMOTION,O,False
15,I-PROMOTION,O,False
menit,I-PROMOTION,O,False
",",I-PROMOTION,O,False
tapi,I-PROMOTION,O,False
tak,I-PROMOTION,O,False
kunjung,I-PROMOTION,O,False
datang,I-PROMOTION,O,False
",",I-PROMOTION,O,False
dia,I-PROMOTION,O,False
malah,I-PROMOTION,O,False
datang,I-PROMOTION,O,False
ke,I-PROMOTION,O,False
customer,I-PROMOTION,O,False
yang,I-PROMOTION,O,False
lain,I-PROMOTION,O,False
lagi,I-PROMOTION,O,False
.,I-PROMOTION,O,False
Ramai,O,I-PRODUCT,False
sekali,O,I-PRODUCT,False
",",O,I-PRODUCT,False
lumayan,B-PLACE,I-PRODUCT,False
ramai,I-PLACE,I-PRODUCT,False
Kelebihan,O,B-PRODUCT,False
1,O,I-PRODUCT,False
Tekstur,B-PRODUCT,I-PRODUCT,False
.,O,I-PRODUCT,False
Porsi,B-PRODUCT,I-PRODUCT,False
Harga,B-PRICE,I-PRICE,False
-,I-PRICE,I-PLACE,False
Rp,I-PRICE,I-PLACE,False
20.000,I-PRICE,I-PLACE,False
),I-PRICE,I-PLACE,False
5,O,I-PLACE,False
Lokasi,B-PLACE,I-PLACE,False
.,O,I-PLACE,False
Ulasan,O,B-PRODUCT,False
Bakso,O,B-PRODUCT,False
Pajero,B-PRODUCT,I-PRODUCT,False
tempat,I-PRODUCT,I-PLACE,False
!,O,I-PRODUCT,False
Rasa,B-PRODUCT,I-PRODUCT,False
Harga,B-PRICE,I-PRICE,False
porsi,B-PRODUCT,I-PRICE,False
yang,I-PRODUCT,I-PRICE,False
enak,B-PRODUCT,I-PRODUCT,False
tetapi,O,I-PRODUCT,False
es,B-PRODUCT,I-PRODUCT,False
tapi,O,I-PRODUCT,False
semua,B-PRODUCT,I-PRODUCT,False
Toilet,B-PLACE,I-PLACE,False
..,B-PLACE,I-PLACE,False
...,O,I-PLACE,False
dan,O,I-PLACE,False
harus,O,I-PLACE,False
copot,O,I-PLACE,False
alas,O,I-PLACE,False
kaki,O,I-PLACE,False
.,O,I-PLACE,False
Yang,O,I-PLACE,False
pakai,O,I-PLACE,False
sepatu,O,I-PLACE,False
repot,O,I-PLACE,False
harus,O,I-PLACE,False
copot2,O,I-PLACE,False
...,O,I-PLACE,False
cepat,I-PRODUCT,O,False
datang,I-PRODUCT,O,False
harganya,I-PRODUCT,I-PRICE,False
nyobaiin,O,B-PRODUCT,False
es,O,I-PRODUCT,False
teler,O,I-PRODUCT,False
+,O,I-PRODUCT,False
es,O,I-PRODUCT,False
creamnya,O,I-PRODUCT,False
overall,O,I-PRODUCT,False
langganan,B-PRODUCT,O,False
UNK,B-PLACE,I-PLACE,False
",",I-PLACE,O,False
yang,I-PLACE,O,False
pulang,I-PLACE,O,False
pasti,I-PLACE,O,False
lgsg,I-PLACE,O,False
ada,I-PLACE,O,False
yg,I-PLACE,O,False
datang,I-PLACE,O,False
lagi,I-PLACE,O,False
",",I-PLACE,O,False
kuahnya,B-PRODUCT,I-PRODUCT,False
UNK,I-PRODUCT,O,False
",",I-PRODUCT,O,False
tp,B-PRODUCT,O,False
menurutku,I-PRODUCT,O,False
",",I-PRODUCT,O,False
Pesen,I-PRODUCT,O,False
jeruk,I-PRODUCT,O,False
hangat,I-PRODUCT,O,False
juga,I-PRODUCT,O,False
agak,I-PRODUCT,O,False
UNK,I-PRODUCT,O,False
",",I-PRODUCT,O,False
Parkiran,B-PLACE,O,False
UNK,I-PLACE,O,False
rasa,B-PRODUCT,I-PRODUCT,False
dan,I-PRODUCT,O,False
harga,I-PRODUCT,I-PRICE,False
tidak,I-PRODUCT,O,False
berubah,I-PRODUCT,O,False
",",I-PRODUCT,O,False
mantap,I-PRODUCT,O,False
",",O,I-PRODUCT,False
kuahnya,B-PRODUCT,I-PRODUCT,False
.,O,I-PRODUCT,False
UNK,I-PRODUCT,B-PRODUCT,False
sampai,B-PRODUCT,O,False
lupa,I-PRODUCT,O,False
kalau,I-PRODUCT,O,False
sudah,I-PRODUCT,O,False
habis,I-PRODUCT,O,False
bakso,O,I-PRODUCT,False
yang,O,I-PRODUCT,False
lengkap,O,I-PRODUCT,False
👍,O,I-PRODUCT,False
🏻,O,I-PRODUCT,False
jujur,B-PRODUCT,O,False
ga,I-PRODUCT,O,False
😭,I-PRODUCT,O,False
uda,I-PRODUCT,O,False
",",I-PRODUCT,O,False
uda,I-PRODUCT,O,False
UNK,I-PRODUCT,O,False
bgt,I-PRODUCT,O,False
UNK,B-PRODUCT,O,False
UNK,I-PRODUCT,O,False
15,I-PRODUCT,O,False
-,I-PRODUCT,O,False
30,I-PRODUCT,O,False
K,I-PRODUCT,O,False
 ,I-PRODUCT,O,False
buat,I-PRODUCT,O,False
rasa,I-PRODUCT,B-PRODUCT,False
",",O,I-PRODUCT,False
tapi,B-PRODUCT,I-PRODUCT,False
Nyobain,B-PRODUCT,O,False
makan,I-PRODUCT,O,False
disini,I-PRODUCT,O,False
",",I-PRODUCT,O,False
Baksonya,I-PRODUCT,B-PRODUCT,False
.,I-PRODUCT,O,False
kesini,I-PRODUCT,O,False
saat,I-PRODUCT,O,False
makan,I-PRODUCT,O,False
siang,I-PRODUCT,O,False
dan,I-PRODUCT,O,False
ramai,I-PRODUCT,O,False
untuk,I-PRODUCT,O,False
makanan,I-PRODUCT,B-PRODUCT,False
aku,B-PRODUCT,I-PRODUCT,False
sudah,I-PRODUCT,O,False
",",O,I-PRODUCT,False
es,B-PRODUCT,I-PRODUCT,False
Pesan,B-PRICE,I-PRODUCT,False
yg,I-PRICE,I-PRODUCT,False
paling,I-PRICE,I-PRODUCT,False
favorite,I-PRICE,I-PRODUCT,False
",",I-PRICE,O,False
tp,I-PRICE,O,False
ga,I-PRICE,I-PRODUCT,False
.,I-PRICE,O,False
Rasa,I-PRICE,B-PRODUCT,False
juga,I-PRICE,I-PRODUCT,False
B,I-PRICE,I-PRODUCT,False
aja,I-PRICE,I-PRODUCT,False
.,I-PRICE,I-PRODUCT,False
baksonya,B-PRODUCT,I-PRODUCT,False
uratnya,B-PRODUCT,I-PRODUCT,False
.,O,I-PRODUCT,False
kuah,B-PRODUCT,I-PRODUCT,False
tapi,O,I-PRODUCT,False
overall,B-PRODUCT,I-PRODUCT,False
udah,O,I-PRODUCT,False
berkali-kali,O,I-PRODUCT,False
ngajak,O,I-PRODUCT,False
temen,O,I-PRODUCT,False
/,O,I-PRODUCT,False
keluarga,O,I-PRODUCT,False
kesini,O,I-PRODUCT,False
sama,O,I-PRODUCT,False
yg,O,I-PRODUCT,False
colombo,O,I-PRODUCT,False
",",O,I-PRODUCT,False
ajak,B-PROMOTION,I-PRODUCT,False
keluarga,I-PROMOTION,I-PRODUCT,False
biar,I-PROMOTION,I-PRODUCT,False
bisa,I-PROMOTION,I-PRODUCT,False
ikit,I-PROMOTION,I-PRODUCT,False
rasain,I-PROMOTION,I-PRODUCT,False
superr,I-PRODUCT,O,False
🤤,I-PRODUCT,O,False
❤,I-PRODUCT,O,False
️,I-PRODUCT,O,False
nyaman,O,I-PLACE,False
dan,B-PRODUCT,I-PRODUCT,False
...,O,I-PRODUCT,False
original,B-PRODUCT,I-PRODUCT,False
kuliah,I-PRODUCT,O,False
dulu,I-PRODUCT,O,False
",",I-PRODUCT,O,False
andalan,O,I-PRODUCT,False
pegawai,B-PROMOTION,O,False
nya,I-PROMOTION,I-PRODUCT,False
ramah,I-PROMOTION,O,False
bakso,B-PRODUCT,I-PRODUCT,False
Udah,B-PRODUCT,O,False
dua,I-PRODUCT,O,False
di,I-PRODUCT,O,False
.,I-PRODUCT,O,False
😭,I-PRODUCT,O,False
😭,I-PRODUCT,O,False
😭,I-PRODUCT,O,False
aja,I-PRODUCT,O,False
",",B-PROMOTION,O,False
pelayanan,I-PROMOTION,O,False
cepat,I-PROMOTION,O,False
buat,B-PROMOTION,O,False
kebersihan,I-PROMOTION,O,False
perlu,I-PROMOTION,O,False
di,I-PROMOTION,O,False
tingkatkan,I-PROMOTION,O,False
lagi,I-PROMOTION,O,False
ya,I-PROMOTION,O,False
kak🫡,I-PROMOTION,O,False
",",O,I-PRODUCT,False
mantab,B-PRODUCT,I-PRODUCT,False
Alhamdulillah,B-PRODUCT,O,False
rasa,I-PRODUCT,B-PRODUCT,False
harapan,I-PRODUCT,O,False
",",I-PRODUCT,O,False
cocok,B-PLACE,I-PLACE,False
sama,I-PLACE,O,False
Pesannya,B-PRODUCT,O,False
menu,I-PRODUCT,O,False
paket,I-PRODUCT,O,False
rame,I-PRODUCT,O,False
&,I-PRODUCT,O,False
",",I-PRODUCT,O,False
masya,I-PRODUCT,O,False
Allah,I-PRODUCT,O,False
..,I-PRODUCT,O,False
pelayanan,B-PROMOTION,O,False
cepat,I-PROMOTION,O,False
&,I-PROMOTION,O,False
ramah,I-PROMOTION,O,False
..,I-PROMOTION,O,False
enak,B-PRODUCT,I-PRODUCT,False
",",I-PRODUCT,O,False
jagaa,O,I-PROMOTION,False
menuu,O,I-PROMOTION,False
Pedesnya,B-PRODUCT,I-PRODUCT,False
harga,B-PRICE,I-PRICE,False
sangat,B-PRODUCT,I-PRODUCT,False
",",B-PLACE,O,False
pelayanan,B-PROMOTION,O,False
bagus,I-PROMOTION,O,False
dan,I-PROMOTION,O,False
cepat,I-PROMOTION,O,False
",",I-PROMOTION,O,False
wajib,B-PROMOTION,O,False
balik,I-PROMOTION,O,False
lagi,I-PROMOTION,O,False
Mantap,O,B-PRODUCT,False
sekali,O,I-PRODUCT,False
",",O,I-PRODUCT,False
ga,O,I-PRODUCT,False
pernah,O,I-PRODUCT,False
bosan,O,I-PRODUCT,False
Cuma,B-PROMOTION,O,False
satu,I-PROMOTION,O,False
kasir,I-PROMOTION,O,False
saat,I-PROMOTION,O,False
penuh,I-PROMOTION,I-PRODUCT,False
",",B-PRODUCT,I-PRODUCT,False
.,O,I-PRODUCT,False
Pas,O,I-PRODUCT,False
!,O,I-PRODUCT,False
MAKANAN,B-PRODUCT,O,False
=,I-PRODUCT,O,False
OK,I-PRODUCT,O,False
Baksonya,O,B-PRODUCT,False
baksonya,O,I-PRODUCT,False
enak,B-PRODUCT,I-PRODUCT,False
menunya,B-PRODUCT,I-PRODUCT,False
karyawan,B-PROMOTION,O,False
nya,I-PROMOTION,O,False
ramah,I-PROMOTION,O,False
semua,I-PROMOTION,O,False
Ada,B-PLACE,O,False
indoor,I-PLACE,O,False
.,I-PLACE,O,False
",",B-PLACE,I-PRODUCT,False
tempatnya,I-PLACE,B-PLACE,False
harga,B-PRICE,I-PRICE,False
porsi,B-PRODUCT,B-PLACE,False
besar,I-PRODUCT,I-PLACE,False
dan,I-PRODUCT,B-PLACE,False
area,I-PRODUCT,B-PLACE,False
strategis,I-PRODUCT,I-PLACE,False
Top,B-PRODUCT,I-PRODUCT,False
😍,I-PRODUCT,B-PRODUCT,False
Baksonya,I-PRODUCT,B-PRODUCT,False
Kuah,B-PRODUCT,I-PRODUCT,False
🤤,O,I-PRODUCT,False
iseng,B-PRODUCT,O,False
iseng,I-PRODUCT,O,False
kesini,I-PRODUCT,O,False
",",I-PRODUCT,O,False
dan,I-PRODUCT,O,False
pilihan,B-PRODUCT,I-PRODUCT,False
",",O,I-PRODUCT,False
rekomen,B-PRODUCT,I-PRODUCT,False
Makanan,I-PRODUCT,B-PRODUCT,False
Bakso,I-PRODUCT,B-PRODUCT,False
harga,B-PRICE,I-PRICE,False
pas,I-PRICE,I-PRODUCT,False
1,B-PLACE,I-PLACE,False
.,I-PLACE,O,False
2,O,I-PLACE,False
.,O,I-PLACE,False
pas,O,I-PLACE,False
masuk,O,I-PLACE,False
ada,O,I-PLACE,False
.,B-PLACE,O,False
ada,I-PLACE,O,False
musholla,I-PLACE,O,False
dan,I-PLACE,O,False
7,O,I-PLACE,False
kalo,O,I-PLACE,False
UNK,O,I-PLACE,False
Salah,B-PRODUCT,I-PRODUCT,False
satu,I-PRODUCT,O,False
di,I-PRODUCT,O,False
DIY,I-PRODUCT,O,False
harganya,B-PRICE,I-PRICE,False
Dapat,B-PRODUCT,I-PRICE,False
es,I-PRODUCT,B-PRODUCT,False
krim,I-PRODUCT,I-PRICE,False
juga,I-PRODUCT,I-PRICE,False
tidak,O,I-PRODUCT,False
sesuai,O,I-PRODUCT,False
ekspetasi,O,I-PRODUCT,False
banget,O,I-PRODUCT,False
pas,O,I-PRODUCT,False
.pokoknya,B-PRODUCT,I-PRODUCT,False
ternyata,O,I-PRODUCT,False
UNK,B-PRODUCT,I-PRODUCT,False
kuah,B-PRODUCT,I-PRODUCT,False
",",O,I-PRODUCT,False
untuk,B-PLACE,I-PLACE,False
nunggu,I-PLACE,O,False
beberapa,I-PLACE,O,False
menit,I-PLACE,O,False
",",I-PLACE,O,False
padahal,I-PLACE,O,False
sebenernya,I-PLACE,O,False
bisa,I-PLACE,O,False
aja,I-PLACE,O,False
kalo,I-PLACE,O,False
di,I-PLACE,O,False
bagi,I-PLACE,O,False
section,I-PLACE,O,False
nya,I-PLACE,O,False
biar,I-PLACE,O,False
lebih,I-PLACE,O,False
rapih,I-PLACE,O,False
untuk,B-PRODUCT,O,False
makanan,I-PRODUCT,O,False
ya,I-PRODUCT,O,False
",",I-PRODUCT,O,False
makanan,I-PRODUCT,B-PRODUCT,False
pelayanan,B-PROMOTION,O,False
cukup,I-PROMOTION,O,False
baik,I-PROMOTION,O,False
suasana,B-PLACE,O,False
masih,I-PLACE,O,False
terasa,I-PLACE,O,False
vibe,I-PLACE,O,False
kampusnya,I-PLACE,O,False
.,I-PLACE,O,False
harga,I-PRODUCT,I-PRICE,False
22k,I-PRODUCT,I-PRICE,False
sebetullny,I-PRODUCT,I-PRICE,False
sdh,B-PRODUCT,I-PRICE,False
efort,I-PRODUCT,I-PRICE,False
Mie,I-PRODUCT,B-PRODUCT,False
ayam,I-PRODUCT,B-PRODUCT,False
rasa,I-PRODUCT,B-PRODUCT,False
..,O,I-PRODUCT,False
Es,B-PRODUCT,I-PRODUCT,False
untuk,B-PLACE,O,False
atmosfir,I-PLACE,B-PLACE,False
.,O,I-PLACE,False
Tapi,B-PRODUCT,O,False
experience,I-PRODUCT,O,False
disini,I-PRODUCT,O,False
4,I-PRODUCT,O,False
/,I-PRODUCT,O,False
5,I-PRODUCT,O,False
",",I-PRODUCT,O,False
worth,I-PRODUCT,O,False
it,I-PRODUCT,O,False
buat,I-PRODUCT,O,False
sesekali,I-PRODUCT,O,False
makan,I-PRODUCT,O,False
disini,I-PRODUCT,O,False
Warung,B-PROMOTION,O,False
lagi,I-PROMOTION,O,False
sepi,I-PROMOTION,O,False
dan,I-PROMOTION,O,False
gak,I-PROMOTION,O,False
terlalu,I-PROMOTION,O,False
rame,I-PROMOTION,O,False
tapi,I-PROMOTION,O,False
pelayanannya,I-PROMOTION,O,False
lamaaaaaaa,I-PROMOTION,O,False
banget,I-PROMOTION,O,False
njiir,I-PROMOTION,O,False
nungguin,B-PROMOTION,O,False
bakso,I-PROMOTION,O,False
seporsi,I-PROMOTION,O,False
udah,I-PROMOTION,O,False
kayak,I-PROMOTION,O,False
nungguin,I-PROMOTION,O,False
kuota,I-PROMOTION,O,False
haji,I-PROMOTION,O,False
.,I-PROMOTION,O,False
Setengah,B-PROMOTION,O,False
jam,I-PROMOTION,O,False
lebih,I-PROMOTION,O,False
gila,I-PROMOTION,O,False
gak,I-PROMOTION,O,False
tuh,I-PROMOTION,O,False
Waktu,B-PROMOTION,O,False
di,I-PROMOTION,O,False
Jogja,I-PROMOTION,O,False
yang,I-PROMOTION,O,False
terbatas,I-PROMOTION,O,False
habis,I-PROMOTION,O,False
cuma,I-PROMOTION,O,False
buat,I-PROMOTION,O,False
nungguin,I-PROMOTION,O,False
bakso,I-PROMOTION,O,False
seporsi,I-PROMOTION,O,False
...,I-PROMOTION,O,False
Gak,B-PROMOTION,O,False
bakal,I-PROMOTION,O,False
kesini,I-PROMOTION,O,False
lagi,I-PROMOTION,O,False
.,I-PROMOTION,O,False
Baksonya,I-PRODUCT,B-PRODUCT,False
Kuahnya,B-PRODUCT,I-PRODUCT,False
.,B-PLACE,I-PRODUCT,False
Kalo,I-PLACE,I-PRODUCT,False
mau,I-PLACE,I-PRODUCT,False
pesen,I-PLACE,I-PRODUCT,False
saran,I-PLACE,I-PRODUCT,False
jangan,I-PLACE,I-PRODUCT,False
pas,I-PLACE,I-PRODUCT,False
makan,I-PLACE,I-PRODUCT,False
siang,I-PLACE,O,False
",",I-PLACE,O,False
pooool,I-PLACE,I-PRODUCT,False
.,I-PLACE,O,False
UNK,B-PLACE,I-PRODUCT,False
enak,I-PLACE,I-PRODUCT,False
Pertama,B-PRODUCT,O,False
kali,I-PRODUCT,O,False
makan,I-PRODUCT,O,False
disini,I-PRODUCT,O,False
",",I-PRODUCT,O,False
bolak,I-PRODUCT,O,False
balik,I-PRODUCT,O,False
cm,I-PRODUCT,O,False
lewat,I-PRODUCT,O,False
",",I-PRODUCT,O,False
penasaran,I-PRODUCT,O,False
krn,I-PRODUCT,O,False
rame,I-PRODUCT,O,False
.,I-PRODUCT,O,False
Makanan,I-PRODUCT,O,False
harga,B-PRICE,I-PRICE,False
.,I-PRODUCT,O,False
Mohon,B-PLACE,O,False
tingkatkan,I-PLACE,O,False
kebersihan,I-PLACE,O,False
saat,I-PLACE,O,False
membersihkan,I-PLACE,O,False
",",O,I-PRODUCT,False
ada,B-PRODUCT,I-PRODUCT,False
",",O,I-PRODUCT,False
menurutku,B-PRODUCT,I-PRODUCT,False
.,O,I-PRODUCT,False
untuk,B-PRICE,I-PRODUCT,False
4,I-PRICE,O,False
bakso,I-PRICE,O,False
pangsit,B-PRODUCT,I-PRODUCT,False
dijual,I-PRODUCT,O,False
terpisah,I-PRODUCT,O,False
enakk,B-PRODUCT,I-PRODUCT,False
cepat,I-PROMOTION,I-PRICE,False
harga,B-PRICE,I-PRICE,False
mantab,I-PRODUCT,B-PRODUCT,False
rasa,I-PRODUCT,B-PRODUCT,False
",",I-PRODUCT,O,False
buat,I-PRODUCT,O,False
kalian,I-PRODUCT,O,False
pencinta,I-PRODUCT,O,False
bakso,I-PRODUCT,O,False
",",O,I-PRODUCT,False
.,I-PRODUCT,O,False
UNK,B-PLACE,O,False
untuk,I-PLACE,O,False
pelayanan,I-PLACE,O,False
.,I-PLACE,O,False
Mohon,I-PLACE,O,False
tingkatkan,I-PLACE,O,False
kebersihan,I-PLACE,O,False
saat,I-PLACE,O,False
membersihkan,I-PLACE,O,False
",",O,I-PRODUCT,False
kuahnya,B-PRODUCT,I-PRODUCT,False
pelayanan,B-PROMOTION,O,False
cukup,I-PROMOTION,O,False
cepat,I-PROMOTION,O,False
walaupun,I-PROMOTION,O,False
ramai,I-PROMOTION,O,False
pengunjunh,I-PROMOTION,O,False
Pelayanan,B-PROMOTION,O,False
nyaman,I-PROMOTION,I-PLACE,False
jangan,B-PRODUCT,O,False
lupa,I-PRODUCT,O,False
pesen,I-PRODUCT,O,False
",",O,I-PRODUCT,False
apalagi,B-PRODUCT,I-PRODUCT,False
",",O,I-PRODUCT,False
untuk,B-PRODUCT,I-PRODUCT,False
Sangat,B-PRODUCT,I-PRODUCT,False
recommended,I-PRODUCT,O,False
buat,I-PRODUCT,O,False
para,I-PRODUCT,O,False
pecinta,I-PRODUCT,O,False
worth,I-PRODUCT,B-PRODUCT,False
bakso,B-PRODUCT,I-PRODUCT,False
enak,B-PRODUCT,I-PRODUCT,False
Udah,B-PRODUCT,O,False
beberapa,I-PRODUCT,O,False
makan,I-PRODUCT,O,False
siang,I-PRODUCT,O,False
disini,I-PRODUCT,O,False
",",I-PRODUCT,O,False
harga,B-PRICE,I-PROMOTION,False
affordable,I-PRICE,O,False
",",I-PRICE,O,False
UNK,I-PRICE,O,False
HARUS,O,I-PROMOTION,False
UNK,O,I-PROMOTION,False
UNK,O,I-PROMOTION,False
Saran,B-PLACE,O,False
dari,I-PLACE,O,False
kami,I-PLACE,O,False
",",I-PLACE,O,False
Tolong,I-PLACE,O,False
genset,I-PLACE,O,False
jangan,I-PLACE,O,False
di,I-PLACE,O,False
taro,I-PLACE,I-PROMOTION,False
di,I-PLACE,O,False
area,I-PLACE,O,False
makan,I-PLACE,O,False
.,I-PLACE,O,False
Karna,I-PLACE,I-PROMOTION,False
bising,I-PLACE,I-PROMOTION,False
sekali,I-PLACE,O,False
mengganggu,I-PLACE,I-PROMOTION,False
suana,I-PLACE,O,False
makan,I-PLACE,O,False
.,I-PLACE,O,False
Overall,O,B-PRODUCT,False
mantab,O,I-PRODUCT,False
Bakso,O,B-PRODUCT,False
keju,O,I-PRODUCT,False
dan,O,I-PRODUCT,False
bakso,O,I-PRODUCT,False
bakarnya,O,I-PRODUCT,False
enak,O,I-PRODUCT,False
banget,O,I-PRODUCT,False
jujur,B-PRODUCT,O,False
ga,I-PRODUCT,O,False
😭,I-PRODUCT,O,False
pas,O,I-PRODUCT,False
UNK,B-PRODUCT,I-PRODUCT,False
uda,I-PRODUCT,O,False
",",I-PRODUCT,O,False
mie,B-PRODUCT,I-PRODUCT,False
uda,I-PRODUCT,O,False
UNK,I-PRODUCT,O,False
bgt,I-PRODUCT,O,False
UNK,B-PRICE,O,False
UNK,I-PRICE,O,False
15,I-PRICE,O,False
-,I-PRICE,O,False
30,I-PRICE,O,False
K,I-PRICE,O,False
",",O,I-PRODUCT,False
tapi,O,I-PRODUCT,False
kurang,B-PRODUCT,I-PRODUCT,False
 ,O,I-PRODUCT,False
menurut,O,I-PRODUCT,False
lidah,O,I-PRODUCT,False
temenku,O,I-PRODUCT,False
orang,O,I-PRODUCT,False
UNK,O,I-PRODUCT,False
",",O,I-PRODUCT,False
mie,B-PRODUCT,I-PRODUCT,False
(,O,I-PRODUCT,False
bukan,O,I-PRODUCT,False
ayam,O,I-PRODUCT,False
yg,O,I-PRODUCT,False
UNK,O,I-PRODUCT,False
sampe,O,I-PRODUCT,False
UNK,O,I-PRODUCT,False
medok,O,I-PRODUCT,False
gitu,O,I-PRODUCT,False
),O,I-PRODUCT,False
tapi,O,I-PRODUCT,False
lebih,O,I-PRODUCT,False
ke,O,I-PRODUCT,False
potongan,B-PRODUCT,I-PRODUCT,False
 ,O,I-PRODUCT,False
buat,B-PRODUCT,I-PRODUCT,False
menunya,B-PRODUCT,I-PRODUCT,False
",",O,I-PRODUCT,False
kalau,B-PRODUCT,O,False
.,I-PRODUCT,O,False
ada,B-PRODUCT,I-PRODUCT,False
Pelayanan,B-PROMOTION,O,False
cepat,I-PROMOTION,O,False
",",O,I-PRODUCT,False
",",O,I-PRODUCT,False
enak,B-PRODUCT,I-PRODUCT,False
lembut,B-PRODUCT,I-PRODUCT,False
",",O,I-PRODUCT,False
nampollllll,B-PRODUCT,I-PRODUCT,False
bakso,B-PRODUCT,I-PRODUCT,False
",",O,I-PRODUCT,False
kuahnya,B-PRODUCT,I-PRODUCT,False
Pedesnya,B-PRODUCT,I-PRODUCT,False
pelayanannya,B-PROMOTION,O,False
ramah,I-PROMOTION,O,False
bangettt,I-PROMOTION,O,False
",",I-PROMOTION,O,False
harga,B-PRICE,I-PRICE,False
1,O,I-PLACE,False
.,B-PLACE,O,False
2,O,I-PLACE,False
.,O,I-PLACE,False
pas,B-PROMOTION,I-PLACE,False
masuk,I-PROMOTION,I-PLACE,False
sudah,I-PROMOTION,O,False
ada,I-PROMOTION,I-PLACE,False
UNK,I-PROMOTION,O,False
dari,I-PROMOTION,O,False
staff,I-PROMOTION,O,False
dan,I-PROMOTION,O,False
langsung,I-PROMOTION,O,False
dikasih,I-PROMOTION,O,False
menu,I-PROMOTION,O,False
yg,I-PROMOTION,O,False
mau,I-PROMOTION,O,False
dipesan,I-PROMOTION,O,False
(,I-PROMOTION,O,False
cari,I-PROMOTION,O,False
tmpt,I-PROMOTION,O,False
makan,I-PROMOTION,O,False
sendiri,I-PROMOTION,O,False
ya,I-PROMOTION,O,False
),I-PROMOTION,O,False
pesanan,B-PROMOTION,O,False
dateng,I-PROMOTION,O,False
ngga,I-PROMOTION,O,False
UNK,I-PROMOTION,O,False
10,I-PROMOTION,O,False
UNK,I-PROMOTION,O,False
kaya,I-PROMOTION,O,False
nya,I-PROMOTION,O,False
semua,B-PROMOTION,O,False
staff,I-PROMOTION,O,False
ramah,I-PROMOTION,O,False
tp,I-PROMOTION,O,False
agak,I-PROMOTION,O,False
UNK,I-PROMOTION,O,False
yaa,I-PROMOTION,O,False
UNK,I-PROMOTION,O,False
UNK,I-PROMOTION,O,False
karna,I-PROMOTION,O,False
kebanyakan,I-PROMOTION,O,False
staff,I-PROMOTION,O,False
nya,I-PROMOTION,O,False
UNK,I-PROMOTION,O,False
ada,B-PLACE,O,False
musholla,I-PLACE,O,False
dan,I-PLACE,O,False
7,O,I-PLACE,False
kalo,B-PRODUCT,I-PLACE,False
UNK,I-PRODUCT,I-PLACE,False
it,I-PRODUCT,B-PRODUCT,False
.,O,I-PRODUCT,False
Es,B-PRODUCT,I-PRODUCT,False
menu,I-PRODUCT,B-PRODUCT,False
Udah,B-PRODUCT,O,False
dua,I-PRODUCT,O,False
di,I-PRODUCT,O,False
.,I-PRODUCT,O,False
Baksonya,I-PRODUCT,B-PRODUCT,False
😭,I-PRODUCT,O,False
😭,I-PRODUCT,O,False
😭,I-PRODUCT,O,False
enak,B-PRODUCT,I-PRODUCT,False
Makanan,B-PRODUCT,O,False
harga,B-PRICE,I-PRICE,False
kuah,B-PRODUCT,I-PRODUCT,False
..,O,I-PRODUCT,False
🏼,I-PLACE,I-PRODUCT,False
bakso,I-PRICE,B-PRODUCT,False
ya,I-PRICE,O,False
",",I-PRICE,O,False
rate,I-PRICE,O,False
50,I-PRICE,O,False
rb,I-PRICE,B-PRODUCT,False
ke,I-PRICE,O,False
ataas,I-PRICE,I-PLACE,False
Yg,O,I-PLACE,False
beli,O,I-PLACE,False
juga,O,I-PLACE,False
banyak,O,I-PLACE,False
pada,O,I-PLACE,False
pake,O,I-PLACE,False
mobil,O,I-PLACE,False
",",O,I-PLACE,False
tp,B-PLACE,I-PLACE,False
TOILET,B-PLACE,I-PLACE,False
.,I-PLACE,O,False
Bakso,B-PRODUCT,I-PRODUCT,False
Dan,O,I-PRODUCT,False
banyak,B-PRODUCT,I-PRODUCT,False
dari,O,I-PRODUCT,False
yg,B-PRICE,I-PRODUCT,False
mahal,I-PRICE,I-PRODUCT,False
sampe,I-PRICE,I-PRODUCT,False
mahal,I-PRICE,I-PRODUCT,False
bgt,I-PRICE,I-PRODUCT,False
.,I-PRICE,O,False
Tp,B-PLACE,O,False
Semua,O,B-PRODUCT,False
oke,O,I-PRODUCT,False
👌,O,I-PRODUCT,False
cuman,O,I-PLACE,False
ga,O,I-PLACE,False
paham,O,I-PLACE,False
ini,O,I-PLACE,False
musholanya,O,I-PLACE,False
apa,O,I-PLACE,False
plus,O,I-PLACE,False
tempat,O,I-PLACE,False
makan,O,I-PLACE,False
dan,O,I-PLACE,False
ngasonya,O,I-PLACE,False
pegawai,O,I-PLACE,False
dan,O,I-PRODUCT,False
murah,B-PRICE,I-PRODUCT,False
lagi,I-PRICE,I-PRODUCT,False
Penggemar,O,B-PRODUCT,False
baso,O,I-PRODUCT,False
musti,O,I-PRODUCT,False
ke,O,I-PRODUCT,False
sini,O,I-PRODUCT,False
deh,O,I-PRODUCT,False
Selain,B-PRODUCT,I-PRODUCT,False
",",I-PRODUCT,O,False
.,I-PRODUCT,O,False
.,B-PLACE,O,False
Tempatnya,I-PLACE,B-PLACE,False
.,O,I-PLACE,False
Rame,B-PLACE,I-PLACE,False
kalau,I-PLACE,O,False
jam,I-PLACE,O,False
maksi,I-PLACE,O,False
pelayanannya,B-PROMOTION,O,False
juga,I-PROMOTION,O,False
rapi,I-PROMOTION,O,False
dan,I-PROMOTION,O,False
bersih,I-PROMOTION,I-PLACE,False
",",I-PROMOTION,O,False
tidak,I-PROMOTION,O,False
cepat,I-PROMOTION,O,False
banget,I-PROMOTION,O,False
sih,I-PROMOTION,O,False
",",I-PROMOTION,O,False
karena,I-PROMOTION,O,False
memang,I-PROMOTION,O,False
rame,I-PROMOTION,O,False
Harganya,B-PRICE,I-PROMOTION,False
masuk,I-PRICE,O,False
akal,I-PRICE,I-PROMOTION,False
enak,B-PRODUCT,I-PRODUCT,False
langganan,B-PROMOTION,O,False
tiap,I-PROMOTION,I-PRODUCT,False
hari,I-PROMOTION,O,False
baksonya,I-PRODUCT,B-PRODUCT,False
dan,O,I-PRODUCT,False
mantapp,O,I-PRODUCT,False
Baksonya,I-PRODUCT,B-PRODUCT,False
.,I-PRODUCT,O,False
harga,B-PRICE,I-PLACE,False
masih,I-PRICE,I-PLACE,False
.,I-PRICE,I-PLACE,False
Recommended,O,I-PLACE,False
buat,O,I-PLACE,False
!,O,I-PROMOTION,False
",",O,I-PRODUCT,False
semua,B-PRODUCT,I-PRODUCT,False
",",O,I-PRODUCT,False
bersih,B-PLACE,I-PRODUCT,False
enak2,B-PRODUCT,I-PRODUCT,False
pelayanan,B-PROMOTION,O,False
ramahh,I-PROMOTION,O,False
Mantappp,B-PRODUCT,O,False
di,O,I-PRODUCT,False
kuah,B-PRODUCT,I-PRODUCT,False
",",O,I-PRODUCT,False
kalau,B-PRODUCT,I-PRODUCT,False
",",O,I-PRODUCT,False
pokoknya,B-PRODUCT,I-PRODUCT,False
pertama,O,I-PRODUCT,False
kali,O,I-PRODUCT,False
makan,O,I-PRODUCT,False
disini,O,I-PRODUCT,False
pesen,O,I-PRODUCT,False
menu,B-PRODUCT,I-PRODUCT,False
",",O,I-PRODUCT,False
bakso,B-PRODUCT,I-PRODUCT,False
",",B-PRODUCT,I-PRODUCT,False
biasanya,O,I-PRODUCT,False
pas,O,I-PRODUCT,False
dibuka,O,I-PRODUCT,False
isinya,O,I-PRODUCT,False
sambal,O,I-PRODUCT,False
..,O,I-PRODUCT,False
kalo,O,I-PRODUCT,False
yg,O,I-PRODUCT,False
ini,O,I-PRODUCT,False
memang,B-PRODUCT,I-PRODUCT,False
.,O,I-PRODUCT,False
mantapp,B-PRODUCT,I-PRODUCT,False
tapi,O,I-PRODUCT,False
jg,O,I-PRODUCT,False
ngga,B-PRODUCT,I-PRODUCT,False
",",O,I-PRODUCT,False
untuk,B-PRODUCT,I-PRODUCT,False
jam,I-PRODUCT,O,False
blm,B-PRODUCT,I-PRODUCT,False
tp,O,I-PRODUCT,False
ini,O,I-PRODUCT,False
aja,O,I-PRODUCT,False
",",O,I-PRODUCT,False
apalagi,B-PRODUCT,I-PRODUCT,False
Tempat,B-PLACE,B-PRODUCT,False
bakso,I-PLACE,B-PRODUCT,False
rekomended,I-PLACE,I-PRODUCT,False
..,B-PRODUCT,I-PRODUCT,False
",",O,I-PRODUCT,False
tempat,B-PLACE,I-PLACE,False
🤩,I-PLACE,I-PRODUCT,False
Cita,B-PRODUCT,O,False
bakso,I-PRODUCT,O,False
berbeda,I-PRODUCT,O,False
dengan,I-PRODUCT,O,False
yang,I-PRODUCT,O,False
lain,I-PRODUCT,O,False
Bintang,B-PRODUCT,O,False
5,I-PRODUCT,O,False
buat,I-PRODUCT,O,False
bakso,I-PRODUCT,O,False
pajero,I-PRODUCT,O,False
sini,I-PRODUCT,O,False
..,I-PRODUCT,O,False
dan,O,I-PRODUCT,False
Rekomend,B-PRODUCT,I-PRODUCT,False
tempat,B-PLACE,I-PLACE,False
bakso,B-PRODUCT,I-PRODUCT,False
Bismillahirohmanirohim,O,B-PRODUCT,False
",",O,I-PRODUCT,False
pas,B-PRODUCT,I-PRODUCT,False
ketinggian,I-PRODUCT,O,False
",",I-PRODUCT,O,False
nunggu,I-PRODUCT,O,False
bakso,I-PRODUCT,O,False
bakarnya,I-PRODUCT,O,False
 ,I-PRODUCT,O,False
datang,I-PRODUCT,O,False
40,I-PRODUCT,O,False
menit,I-PRODUCT,O,False
harus,B-PROMOTION,O,False
ditanyain,I-PROMOTION,O,False
ke,I-PROMOTION,O,False
bagian,I-PROMOTION,O,False
pemesanan,I-PROMOTION,O,False
",",I-PROMOTION,O,False
terus,I-PROMOTION,O,False
disuruh,I-PROMOTION,O,False
nunggu,I-PROMOTION,O,False
lagi,I-PROMOTION,O,False
5,I-PROMOTION,O,False
menit,I-PROMOTION,O,False
",",I-PROMOTION,O,False
pas,B-PRODUCT,O,False
dateng,I-PRODUCT,O,False
bakso,I-PRODUCT,O,False
bakarnya,I-PRODUCT,O,False
gak,I-PRODUCT,O,False
panas,I-PRODUCT,O,False
",",I-PRODUCT,O,False
harus,I-PRODUCT,O,False
minta,I-PRODUCT,O,False
diangetin,I-PRODUCT,O,False
",",I-PRODUCT,O,False
ternyata,I-PRODUCT,O,False
datengnya,I-PRODUCT,O,False
doang,I-PRODUCT,O,False
rasa,B-PRODUCT,I-PRODUCT,False
standard,I-PRODUCT,O,False
.,I-PRODUCT,O,False
selalu,O,I-PRODUCT,False
bakso,B-PRODUCT,I-PRODUCT,False
buat,I-PRODUCT,O,False
dateng,I-PRODUCT,O,False
kesini,I-PRODUCT,O,False
tapi,O,I-PRODUCT,False
rasa,I-PRODUCT,B-PRODUCT,False
",",O,I-PRODUCT,False
namun,B-PLACE,I-PRODUCT,False
perlu,I-PLACE,I-PRODUCT,False
diperhatikan,I-PLACE,I-PRODUCT,False
lagi,I-PLACE,O,False
untuk,B-PRICE,I-PRICE,False
karna,I-PRICE,I-PLACE,False
porsi,I-PRICE,B-PRODUCT,False
nya,I-PRICE,O,False
juga,I-PRICE,O,False
biasa,I-PRICE,O,False
saja,I-PRICE,O,False
..,I-PRODUCT,O,False
.,I-PRODUCT,O,False
Sy,I-PRODUCT,O,False
memesan,I-PRODUCT,O,False
bakso,I-PRODUCT,O,False
iga,I-PRODUCT,O,False
",",I-PRODUCT,O,False
sengaja,I-PRODUCT,O,False
karena,I-PRODUCT,O,False
mau,I-PRODUCT,O,False
mencoba,I-PRODUCT,O,False
iga,I-PRODUCT,O,False
nya,I-PRODUCT,O,False
&,I-PRODUCT,O,False
baso,I-PRODUCT,O,False
.,I-PRODUCT,O,False
Bakso,I-PRODUCT,B-PRODUCT,False
.,I-PRODUCT,O,False
Orderan,B-PROMOTION,O,False
yg,I-PROMOTION,O,False
sumsum,I-PROMOTION,O,False
bakar,I-PROMOTION,O,False
nunggu,I-PROMOTION,O,False
sampai,I-PROMOTION,O,False
45,I-PROMOTION,O,False
menit,I-PROMOTION,O,False
",",I-PROMOTION,O,False
seharusnya,I-PROMOTION,O,False
di,I-PROMOTION,O,False
kasih,I-PROMOTION,O,False
tau,I-PROMOTION,O,False
diawal,I-PROMOTION,O,False
sama,I-PROMOTION,O,False
kasir,I-PROMOTION,O,False
biar,I-PROMOTION,O,False
bisa,I-PROMOTION,O,False
espek,I-PROMOTION,O,False
nunggu,I-PROMOTION,O,False
lama,I-PROMOTION,O,False
",",I-PROMOTION,O,False
enak,B-PRODUCT,I-PRODUCT,False
😅,I-PRODUCT,O,False
Review,B-PRODUCT,O,False
jujur,I-PRODUCT,O,False
Pertama,I-PRODUCT,O,False
kali,I-PRODUCT,O,False
pesan,I-PRODUCT,O,False
UNK,I-PRODUCT,B-PRODUCT,False
Rasanya,I-PRODUCT,B-PRODUCT,False
Bakso,I-PRODUCT,B-PRODUCT,False
.,I-PRODUCT,O,False
kasih,I-PRODUCT,O,False
.,I-PRODUCT,O,False
Semangat,I-PRODUCT,O,False
cocok,B-PRODUCT,I-PRODUCT,False
nih,I-PRODUCT,O,False
enak,B-PRODUCT,I-PRODUCT,False
",",O,I-PRODUCT,False
berasa,B-PRODUCT,I-PRODUCT,False
",",O,I-PRODUCT,False
kaldunya,B-PRODUCT,I-PRODUCT,False
...,O,I-PRODUCT,False
the,O,I-PRODUCT,False
best,O,I-PRODUCT,False
sih,O,I-PRODUCT,False
so,O,I-PRODUCT,False
far,O,I-PRODUCT,False
buat,O,I-PRODUCT,False
akunya,O,I-PRODUCT,False
just,B-PROMOTION,O,False
info,I-PROMOTION,O,False
klo,I-PROMOTION,O,False
hari,I-PROMOTION,O,False
Jumat,I-PROMOTION,O,False
mrk,I-PROMOTION,O,False
tidak,I-PROMOTION,O,False
melayani,I-PROMOTION,O,False
pesanan,I-PROMOTION,O,False
pas,I-PROMOTION,O,False
jam,I-PROMOTION,O,False
sholat,I-PROMOTION,O,False
Jumat,I-PROMOTION,O,False
..,I-PROMOTION,O,False
bagus,I-PROMOTION,O,False
nih,I-PROMOTION,O,False
",",I-PROMOTION,O,False
ibadah,I-PROMOTION,O,False
memang,I-PROMOTION,O,False
hrs,I-PROMOTION,O,False
di,I-PROMOTION,O,False
utamakan,I-PROMOTION,O,False
1,B-PRODUCT,O,False
porsi,I-PRODUCT,O,False
poolll,I-PRODUCT,O,False
",",O,I-PRODUCT,False
ndaging,B-PRODUCT,I-PRODUCT,False
",",O,I-PRODUCT,False
kuahnya,B-PRODUCT,I-PRODUCT,False
.,O,I-PRODUCT,False
banyak,B-PRODUCT,I-PRODUCT,False
",",O,I-PRODUCT,False
harganya,B-PRICE,I-PRICE,False
juga,I-PRICE,O,False
bermacam,I-PRICE,O,False
macam,I-PRICE,O,False
rekomendasi,I-PRODUCT,O,False
dan,I-PRODUCT,O,False
harganya,I-PRODUCT,I-PRICE,False
affordable,I-PRODUCT,I-PRICE,False
UNK,I-PRODUCT,I-PRICE,False
UNK,I-PRODUCT,I-PRICE,False
UNK,I-PRODUCT,I-PROMOTION,False
Mantappp,B-PRODUCT,I-PRODUCT,False
.,O,I-PRODUCT,False
UNK,B-PRODUCT,I-PRODUCT,False
.,I-PRODUCT,O,False
Wajib,I-PRODUCT,O,False
coba,I-PRODUCT,O,False
sih,I-PRODUCT,O,False
kalau,I-PRODUCT,O,False
pas,I-PRODUCT,O,False
UNK,I-PRODUCT,O,False
kampus,I-PRODUCT,O,False
UNY,I-PRODUCT,O,False
.,I-PRODUCT,O,False
aku,O,I-PRODUCT,False
UNK,O,I-PRODUCT,False
bakso,O,I-PRODUCT,False
Puas,B-PRODUCT,I-PRODUCT,False
dan,I-PRODUCT,O,False
alhamdulillah,I-PRODUCT,O,False
.,O,I-PLACE,False
Parkir,B-PLACE,I-PLACE,False
.,O,I-PLACE,False
UNK,O,I-PLACE,False
jelas,O,I-PLACE,False
.,O,I-PLACE,False
selalu,B-PRODUCT,O,False
repeat,I-PRODUCT,O,False
order,I-PRODUCT,O,False
kesini,I-PRODUCT,O,False
kalo,I-PRODUCT,O,False
makan,I-PRODUCT,O,False
10,O,I-PRODUCT,False
/,O,I-PRODUCT,False
10,O,I-PRODUCT,False
buat,O,I-PRODUCT,False
servicenya,O,I-PRODUCT,False
menunya,B-PRODUCT,I-PRODUCT,False
Uda,B-PRODUCT,I-PRODUCT,False
",",O,I-PRODUCT,False
",",O,I-PLACE,False
harga,B-PRICE,I-PRICE,False
nya,I-PRICE,I-PLACE,False
cocok,I-PRICE,I-PLACE,False
sesuai,I-PRICE,I-PLACE,False
rasa,I-PRICE,B-PRODUCT,False
.,I-PRICE,I-PLACE,False
Mantap,B-PRODUCT,I-PRODUCT,False
.,O,I-PRODUCT,False
Harga,B-PRICE,I-PRICE,False
murah,I-PRICE,B-PRODUCT,False
.,I-PRODUCT,O,False
nyaman,I-PRODUCT,B-PLACE,False
tempatnya,I-PRODUCT,I-PLACE,False
bakso,B-PRODUCT,I-PRODUCT,False
bakso,B-PRODUCT,I-PRODUCT,False
tambahan,B-PRODUCT,I-PRODUCT,False
",",I-PRODUCT,O,False
rasa,O,B-PRODUCT,False
Pesen,B-PROMOTION,O,False
mie,I-PROMOTION,O,False
ayam,I-PROMOTION,O,False
original,I-PROMOTION,O,False
doang,I-PROMOTION,O,False
padahal,I-PROMOTION,O,False
1,I-PROMOTION,O,False
.,I-PROMOTION,O,False
Suasana,I-PROMOTION,O,False
warung,I-PROMOTION,O,False
jg,I-PROMOTION,O,False
gak,I-PROMOTION,O,False
terlalu,I-PROMOTION,O,False
ramai,I-PROMOTION,O,False
waktu,I-PROMOTION,O,False
itu,I-PROMOTION,O,False
.,I-PROMOTION,O,False
Tapi,I-PROMOTION,O,False
gak,I-PROMOTION,O,False
datang²,I-PROMOTION,O,False
makanan,I-PROMOTION,O,False
sampe,I-PROMOTION,O,False
40,I-PROMOTION,O,False
menit,I-PROMOTION,O,False
😭,I-PROMOTION,O,False
😭,I-PROMOTION,O,False
jadi,I-PROMOTION,O,False
mikir,I-PROMOTION,O,False
mau,I-PROMOTION,O,False
ke,I-PROMOTION,O,False
sini,I-PROMOTION,O,False
lagi,I-PROMOTION,O,False
Bakso,I-PRODUCT,B-PRODUCT,False
",",I-PRODUCT,O,False
tempat,B-PLACE,I-PLACE,False
diruangan,B-PLACE,I-PLACE,False
kesini,B-PLACE,I-PLACE,False
...,O,I-PLACE,False
penyajiannya,B-PROMOTION,I-PLACE,False
lama,I-PROMOTION,O,False
.,I-PROMOTION,O,False
